,model,cross_val_mse
0,AK,0.990612854584364
1,linear_reg,1.0197043757658442
2,catboost,1.1582942527870774
3,sgd,1.0345968894001667
4,kernel_ridge,1.0187564944209389
5,elastic_net,1.483517039464444
6,bayesian_ridge,1.0182455448476677
7,gradient_boost,1.1677405897474902
8,svr,1.10794076153993
9,random_forest,1.1262974560205516
