Tool,Q3Answer
decide,2.522727272727273
face,2.6136363636363638
his,3.159090909090909
job,2.772727272727273
list,2.2045454545454546
more_stuff,2.840909090909091
social,2.6818181818181817
stuff,2.75
table,2.8863636363636362
use,2.9318181818181817
